Loss,KL,JSD,Cosine,Pearson,Spearman,P@100,P@200,P@500
KL,0.287135,0.059497,0.924809,0.405671,0.362558,0.22,0.275,0.500
JSD,0.351937,0.068460,0.909737,0.388623,0.327434,0.22,0.320,0.462
CUSTOM,0.309452,0.056747,0.926292,0.420535,0.394943,0.23,0.340,0.504